{
    "accuracy": 0.8666666666666667,
    "precision": 0.7714285714285715,
    "recall": 0.8666666666666667
}